Centro Medico,Departamento,Provincia,Distrito,Direccion,Telefono,Longitud,Altitud,Especialidad
CENTRO MEDICO DE LA CLINICA RICARDO PALMA SEDE COMAS,LIMA,LIMA,COMAS,AV. TUPAC AMARU 4173 URB. CARABAYLLO,5256969,-11.96605279,-77.05576946,Geriatría
CL CENTENARIO PERUANO JAPONESA,LIMA,LIMA,PUEBLO LIBRE,AV PASO DE LOS ANDES 675,2088000,-12.07274733,-77.05897448,Neumología
CLINICA DE ESPECIALIDADES MEDICAS,LIMA,LIMA,SAN BORJA,AV JR. EDUARDO ORDOÃ EZ 468,2253925,-12.10585717,-77.00119079,Cardiología
CLINICA GOOD HOPE,LIMA,LIMA,MIRAFLORES,MALECON BALTA RES. MIRAFLORES 956,6107300,-12.12273565,-77.02825619,Geriatría
CLINICA INTERNACIONAL SEDE LIMA,LIMA,LIMA,LIMA,JR. WASHINTON 1471,6196161,-12.05814524,-77.03722768,Neumología
CLINICA INTERNACIONAL SEDE SAN BORJA,LIMA,LIMA,SAN BORJA,AV GUARDIA CIVIL 385,6196161,-12.09308341,-77.0084139,Medicina General
CLINICA JAVIER PRADO,LIMA,LIMA,SAN ISIDRO,JAVIER PRADO ESTE 499,4402000,-12.09109496,-77.02847664,Endocrinología
CLINICA JESUS DEL NORTE,LIMA,LIMA,INDEPENDENCIA,AV. CARLOS IZAGUIRRE 153 BARRIO NORTE,6134444,-11.98941351,-77.05857418,Neumología
CLINICA LIMATAMBO SAN ISIDRO,LIMA,LIMA,SAN ISIDRO,AV. REPUBLICA PANAMA 3606,4424670,-12.10041676,-77.01829908,Medicina General
CLINICA LIMATAMBO SEDE SAN JUAN,LIMA,LIMA,SAN JUAN DE LURIGANCHO,AV PROCERES DE LA INDEPENDENCIA 2701,4151600,-11.98617067,-77.0067074,Medicina General
CLINICA MAISON DE SANTE SEDE CHORRILLOS,LIMA,LIMA,CHORRILLOS,AV CHORRILLOS 171,6196000,-12.15709382,-77.02175654,Medicina General
CLINICA MAISON DE SANTE SEDE LIMA,LIMA,LIMA,LIMA,JR MIGUEL ALJOVIN 208,6196000,-12.0573196,-77.03287179,Geriatría
CLINICA MAISON DE SANTE SEDE SURCO,LIMA,LIMA,SANTIAGO DE SURCO,AV BENAVIDES 5362,6196000,-12.1301162,-76.98015994,Endocrinología
CLINICA MEDICA CAYETANO HEREDIA SEDE SAN MARTIN DE PORRES,LIMA,LIMA,SAN MARTIN DE PORRES,AV. HONORIO DELGADO 370 URB. INGENIERIA,2076200,-12.02338029,-77.05478329,Neumología
CLINICA MONTEFIORI,LIMA,LIMA,LA MOLINA,AV. SEPARADORA INDUSTRIAL 380,4354,-12.0652542,-76.96469408,Endocrinología
CLINICA MUNDO SALUD,LIMA,LIMA,LOS OLIVOS,AV. CARLOS IZAGUIRRE NÂ 1234,5143528,-11.99113486,-77.07637467,Neumología
CLINICA PADRE LUIS TEZZA,LIMA,LIMA,SANTIAGO DE SURCO,AV.DEL POLO 570 MONTERRICO,6105050,-12.10302144,-76.97139791,Geriatría
CLINICA PROVIDENCIA,LIMA,LIMA,SAN MIGUEL,CAL. CARLOS GONZALES NRO. 250 URB. MARANGA,6606000,-12.07492682,-77.09023056,Medicina General
CLINICA RICARDO PALMA,LIMA,LIMA,SAN ISIDRO,AV. AVIER PRADO ESTE NRO. 1066 URB. CORPAC,2242224,-12.09017415,-77.01822717,Medicina General
CLINICA SAN GABRIEL,LIMA,LIMA,SAN MIGUEL,AV. LA MARINA 2955 URB. MARANGA ETAPA III,6103333,-12.07650702,-77.09538801,Geriatría
CLINICA SAN JUAN BAUTISTA,LIMA,LIMA,SAN JUAN DE LURIGANCHO,JR. LOS ZAFIROS URB. LAS FLORES 78 MZA. G LOTE 10,6104545,-12.00302407,-76.99329787,Geriatría
CLINICA SAN JUDAS TADEO,LIMA,LIMA,SAN MIGUEL,CAL. MANUEL RAYGADA NRO. 170 URB. EL CAMPILLO,2191100,-12.07978582,-77.07926882,Medicina General
CLINICA SAN MIGUEL ARCANGEL,LIMA,LIMA,SAN JUAN DE LURIGANCHO,JR. LAS GARDENIAS 754 760 URB. LOS JAZMINES,3875457,-12.07363766,-77.08918233,Medicina General
CLINICA SAN PABLO SEDE SURCO,LIMA,LIMA,SANTIAGO DE SURCO,CALLE LA CONQUISTA 145 URB. EL DERBY,6103333,-12.10000014,-76.97062493,Endocrinología
CLINICA SANTA ISABEL,LIMA,LIMA,SAN BORJA,AV. GUARDIA CIVIL 135 URB. CORPAC,4174100,-12.08921766,-77.0061672,Cardiología
CLINICA SANTA MARIA DEL SUR,LIMA,LIMA,SAN JUAN DE MIRAFLORES,AV. BELISARIO SUAREZ NÂ 998 URB. ANDRES AVELINO CACERES,6103333,-12.09813312,-77.01088175,Endocrinología
CLINICA STELLA MARIS,LIMA,LIMA,PUEBLO LIBRE,AV.PASO DE LOS ANDES 923,4636666,-12.0711972,-77.05905357,Endocrinología
CLINICA VESALIO,LIMA,LIMA,SAN BORJA,CAL. JOSEPH THOMPSON 140 EX CALLE UNO URB. SANTO TOMAS,6189,-12.10620483,-77.0064333,Geriatría
CLÍNICA SAN BERNARDO,LIMA,LIMA,PUEBLO LIBRE,CALLE SAN JOSE 161,4613975,-12.08505152,-77.06151989,Medicina General
CM RICARDO PALMA PLAZA LIMA SUR,LIMA,LIMA,CHORRILLOS,CALLE RICARDO ANGULO RAMIREZ NRO 130 URB. CORPAC,6178200,-12.17257629,-77.01273954,Cardiología
HOGAR CLINICA SAN JUAN DE DIOS,LIMA,LIMA,SAN LUIS,NICOLAS ARRIOLA CDRA. 3250,3260945,-12.06272747,-76.98182586,Endocrinología
A CLINICA EL GOLF,LIMA,LIMA,SAN ISIDRO,AV. AURELIO MIROQUESADA 1030,6355000,,,Medicina General
SANNA CLINICA SAN BORJA,LIMA,LIMA,SAN BORJA,AV. GUARDIA CIVIL NÂ 333 337,4754000,-12.09178797,-77.00739212,Cardiología
CLINICA ANGLOAMERICANA SEDE LA MOLINA,LIMA,LIMA,LA MOLINA,AV LA FONTANA 362 URB. RESIDENCIAL,6198900,-12.07431648,-76.95562928,Cardiología
CLINICA ANGLOAMERICANA SEDE SAN ISIDRO,LIMA,LIMA,SAN ISIDRO,JR. ALFREDO SALAZAR 350,4377782,-12.10895964,-77.03821503,Geriatría
CLINISANNCA SAN FELIPE SEDE CAMACHO,LIMA,LIMA,LA MOLINA,AV JAVIER PRADO ESTE 4841 URB. CAMACHO,2190000,-12.08212713,-76.96833723,Endocrinología
CLINICA SAN FELIPE SEDE JESUS MARIA,LIMA,LIMA,JESUS MARIA,CALLE GREGORIO ESCOBEDO 650,989035599,-12.08572899,-77.05365909,Geriatría
CLINICA BELLAVISTA,CALLAO,CALLAO,BELLAVISTA,JR. LAS GAVIOTAS NRO. 207 URB. SAN JOSE,4513454,-12.05760574,-77.09615181,Neumología
CLINICA LIMATAMBO MINKA,CALLAO,CALLAO,CALLAO,AV ARGENTINA 3093,6527474,-12.0469986,-77.10995628,Geriatría
CL CENTENARIO PERUANO JAPONESA,LIMA,LIMA,PUEBLO LIBRE,AV PASO DE LOS ANDES 675,2088000,-12.07285225,-77.05866335,Cardiología
CLINICA DE ESPECIALIDADES MEDICAS,LIMA,LIMA,SAN BORJA,AV JR. EDUARDO ORDOÑEZ 468,2253925,-12.11171355,-76.99871746,Neumología
CLINICA GOOD HOPE,LIMA,LIMA,MIRAFLORES,MALECON BALTA RES. MIRAFLORES 956,6107300,-12.12247878,-77.01512298,Cardiología
CLINICA INTERNACIONAL SEDE LIMA,LIMA,LIMA,LIMA,JR. WASHINTON 1471,6196161,-12.0580613,-77.03787141,Endocrinología
CLINICA INTERNACIONAL SEDE SAN BORJA,LIMA,LIMA,SAN BORJA,AV GUARDIA CIVIL 385,6196161,-12.09298899,-77.00799548,Cardiología
CLINICA JAVIER PRADO,LIMA,LIMA,SAN ISIDRO,JAVIER PRADO ESTE 499,4402000,-12.09103201,-77.02860539,Medicina General
CLINICA JESUS DEL NORTE,LIMA,LIMA,INDEPENDENCIA,AV. CARLOS IZAGUIRRE 153 BARRIO NORTE,6134444,-11.98936103,-77.05819867,Geriatría
CLINICA LIMATAMBO SAN ISIDRO,LIMA,LIMA,SAN ISIDRO,AV. REPUBLICA PANAMA 3606,4424670,-12.10043774,-77.01861021,Endocrinología
CLINICA MEDICA CAYETANO HEREDIA SEDE SAN MARTIN DE PORRES,LIMA,LIMA,SAN MARTIN DE PORRES,AV. HONORIO DELGADO 370 URB. INGENIERIA,2076200,-12.02341177,-77.05519098,Neumología
CLINICA MUNDO SALUD,LIMA,LIMA,LOS OLIVOS,AV. CARLOS IZAGUIRRE NÂ 1234,5143528,-11.99108238,-77.07600989,Cardiología
CLINICA PADRE LUIS TEZZA,LIMA,LIMA,SANTIAGO DE SURCO,AV.DEL POLO 570 MONTERRICO,6105050,-12.10301095,-76.9712477,Cardiología
CLINICA PROVIDENCIA,LIMA,LIMA,SAN MIGUEL,CAL. CARLOS GONZALES NRO. 250 URB. MARANGA,6606000,-12.07493731,-77.09027348,Neumología
CLINICA RICARDO PALMA,LIMA,LIMA,SAN ISIDRO,AV. AVIER PRADO ESTE NRO. 1066 URB. CORPAC,2242224,-12.0835858,-77.01419312,Geriatría
CLINICA SAN GABRIEL,LIMA,LIMA,SAN MIGUEL,AV. LA MARINA 2955 URB. MARANGA ETAPA III,6103333,-12.07653849,-77.09494813,Geriatría
CLINICA SAN JUAN BAUTISTA,LIMA,LIMA,SAN JUAN DE LURIGANCHO,JR. LOS ZAFIROS URB. LAS FLORES 78 MZA. G LOTE 10,6104545,-12.00235244,-77.00102263,Cardiología
CLINICA SAN JUDAS TADEO,LIMA,LIMA,SAN MIGUEL,CAL. MANUEL RAYGADA NRO. 170 URB. EL CAMPILLO,2191100,-12.07978582,-77.07906497,Geriatría
CLINICA SAN MIGUEL ARCANGEL,LIMA,LIMA,SAN JUAN DE LURIGANCHO,JR. LAS GARDENIAS 754 760 URB. LOS JAZMINES,3875457,-11.96516584,-76.96635577,Neumología
CLINICA SAN PABLO SEDE SURCO,LIMA,LIMA,SANTIAGO DE SURCO,CALLE LA CONQUISTA 145 URB. EL DERBY,6103333,-12.10001063,-76.97002412,Medicina General
CLINICA SANTA ISABEL,LIMA,LIMA,SAN BORJA,AV. GUARDIA CIVIL 135 URB. CORPAC,4174100,-12.08922815,-77.00607064,Geriatría
CLINICA SANTA MARIA DEL SUR,LIMA,LIMA,SAN JUAN DE MIRAFLORES,AV. BELISARIO SUAREZ NÂ 998 URB. ANDRES AVELINO CACERES,6103333,-12.16073337,-76.95612177,Cardiología
CLINICA STELLA MARIS,LIMA,LIMA,PUEBLO LIBRE,AV.PASO DE LOS ANDES 923,4636666,-12.07066213,-77.05889264,Geriatría
CLINICA VESALIO,LIMA,LIMA,SAN BORJA,CAL. JOSEPH THOMPSON 140 EX CALLE UNO URB. SANTO TOMAS,6189,-12.1062468,-77.00663715,Neumología
CLÍNICA SAN BERNARDO,LIMA,LIMA,PUEBLO LIBRE,CALLE SAN JOSE 161,4613975,-12.08498858,-77.06175592,Cardiología
CM RICARDO PALMA PLAZA LIMA SUR,LIMA,LIMA,CHORRILLOS,CALLE RICARDO ANGULO RAMIREZ NRO 130 URB. CORPAC,6178200,-12.17268116,-77.0123533,Neumología
HOGAR CLINICA SAN JUAN DE DIOS,LIMA,LIMA,SAN LUIS,NICOLAS ARRIOLA CDRA. 3250,3260945,-12.06272747,-76.97513106,Endocrinología
SANNA CLINICA EL GOLF,LIMA,LIMA,SAN ISIDRO,AV. AURELIO MIROQUESADA 1030,6355000,-12.09874815,-77.0510842,Geriatría
SANNA CLINICA SAN BORJA,LIMA,LIMA,SAN BORJA,AV. GUARDIA CIVIL NÂ 333 337,4754000,-12.09174601,-77.0075316,Medicina General
CLINICA ANGLOAMERICANA SEDE LA MOLINA,LIMA,LIMA,LA MOLINA,AV LA FONTANA 362 URB. RESIDENCIAL,6198900,-12.07436894,-76.95509284,Medicina General
CLINICA ANGLOAMERICANA SEDE SAN ISIDRO,LIMA,LIMA,SAN ISIDRO,JR. ALFREDO SALAZAR 350,4377782,-12.10891768,-77.03893386,Cardiología
CLINICA SAN FELIPE SEDE CAMACHO,LIMA,LIMA,LA MOLINA,AV JAVIER PRADO ESTE 4841 URB. CAMACHO,2190000,-12.08209566,-76.96815484,Endocrinología
CLINICA SAN FELIPE SEDE JESUS MARIA,LIMA,LIMA,JESUS MARIA,CALLE GREGORIO ESCOBEDO 650,989035599,-12.08578144,-77.05313337,Cardiología
CLINICA BELLAVISTA,CALLAO,CALLAO,BELLAVISTA,JR. LAS GAVIOTAS NRO. 207 URB. SAN JOSE,4513454,-12.05768967,-77.09628055,Endocrinología
CLINICA INTERNACIONAL SEDE LIMA,LIMA,LIMA,LIMA,JR. WASHINTON 1471,6196161,-12.05814524,-77.0374208,Cardiología
CLINICA INTERNACIONAL SEDE SAN BORJA,LIMA,LIMA,SAN BORJA,AV GUARDIA CIVIL 385,6196161,-12.09291555,-77.00809204,Neumología
CLINICA SAN MIGUEL ARCANGEL,LIMA,LIMA,SAN JUAN DE LURIGANCHO,JR. LAS GARDENIAS 754 760 URB. LOS JAZMINES,3875457,-11.96907257,-76.99284394,Neumología
CLINICA STELLA MARIS,LIMA,LIMA,PUEBLO LIBRE,AV.PASO DE LOS ANDES 923,4636666,-12.07118671,-77.05890337,Cardiología
CLÍNICA DE LA COLUMNA,LIMA,LIMA,SANTIAGO DE SURCO,CLL. MONTE ROSA 125 OF. 2C3 C.C. CHACARILLA DEL ESTANQUE,3727339,-12.11084668,-76.98851205,Endocrinología
HOGAR CLINICA SAN JUAN DE DIOS,LIMA,LIMA,SAN LUIS,NICOLAS ARRIOLA CDRA. 3250,3260945,-12.06445852,-76.98283033,Neumología
IPC CENTRO DE SALUD INTEGRAL,IMAGENES,LIMA,SAN ISIDRO ,CALLE CINCO 242 URB CORPAC,4760044,-12.09112905,-77.01716164,Medicina General
ORG. SALUD INTERCONTINENTAL (OSI) CHACARILLA,LIMA,LIMA,SANTIAGO DE SURCO,AV AV. DEL PINAR 198 198 URB. CHACARILLA,4463693,-12.11120881,-76.98871343,Neumología
ORG. SALUD INTERCONTINENTAL (OSI) MIRAFLORES,LIMA,LIMA,SAN ISIDRO,LAS BEGONIAS 475,4463693,-12.11612251,-77.02586303,Medicina General
REHMED HOME,C.ESPECIALIZADO,LIMA,MAGDALENA DEL MAR,CABO NICOLAS GUTARRA 599,4615459,-12.14265339,-77.02024446,Geriatría
CLINICA SAN LUCAS,LIMA,LIMA,MAGDALENA,AV. REPUBLICA 788,6450157,-12.142146,-77.08668,Medicina General
CENTRO MEDICO LOS ANGELES,LIMA,LIMA,SAN BORJA,JR. LOS HEROES 8833,5098272,-12.109811,-76.958852,Neumología
HOSPITAL NUEVA VIDA,LIMA,LIMA,PUEBLO LIBRE,AV. PRADO ESTE 2745,5471828,-11.946569,-77.038789,Geriatría
POLICLINICO DEL PACIFICO,LIMA,LIMA,SURCO,JR. LOS HEROES 3152,7206118,-12.113143,-76.957438,Cardiología
INSTITUTO DE SALUD SAN PABLO,LIMA,LIMA,MAGDALENA,CALLE SAN JUAN 2612,7522579,-12.18846,-76.989369,Endocrinología
CLINICA SAN FRANCISCO,LIMA,LIMA,PUEBLO LIBRE,JR. LOS HEROES 3362,2577264,-12.146199,-77.008922,Geriatría
CENTRO MEDICO LA PAZ,LIMA,LIMA,SAN BORJA,JR. LOS HEROES 7913,3914955,-11.953006,-76.983046,Medicina General
HOSPITAL LOS ARCOS,LIMA,LIMA,LA MOLINA,JR. LOS HEROES 8123,8569284,-12.13724,-77.075009,Geriatría
POLICLINICO SAN MIGUEL,LIMA,LIMA,SAN ISIDRO,JR. LOS HEROES 4747,3853767,-12.058688,-77.087538,Neumología
INSTITUTO DE SALUD SANTA ISABEL,LIMA,LIMA,SAN BORJA,AV. REPUBLICA 2826,9047063,-11.931797,-77.029507,Cardiología
CLINICA NUEVA ESPERANZA,LIMA,LIMA,SURCO,AV. LA FONTANA 4174,3902982,-12.170648,-76.987629,Medicina General
CENTRO MEDICO SAN CARLOS,LIMA,LIMA,SAN BORJA,AV. PRADO ESTE 7166,7627992,-12.145517,-76.945701,Geriatría
CLINICA VIRGEN DEL ROSARIO,LIMA,LIMA,PUEBLO LIBRE,CALLE SAN JUAN 7156,2801188,-12.11272,-77.093449,Geriatría
CENTRO MEDICO SAN JORGE,LIMA,LIMA,LA MOLINA,AV. PRADO ESTE 3134,3780914,-12.028583,-76.900834,Neumología
HOSPITAL DEL SUR,LIMA,LIMA,LA MOLINA,AV. REPUBLICA 8582,3442432,-12.1494,-77.022753,Neumología
POLICLINICO SANTA MARIA,LIMA,LIMA,MAGDALENA,AV. LA FONTANA 3980,6735898,-12.154126,-77.073765,Geriatría
INSTITUTO DE SALUD EL EDEN,LIMA,LIMA,MAGDALENA,AV. PRADO ESTE 2910,6164608,-12.183007,-76.929086,Medicina General
CLINICA LOS ALMENDROS,LIMA,LIMA,SAN BORJA,JR. LOS HEROES 5404,6123417,-11.979742,-76.936233,Cardiología
CLINICA SAN LUCAS,LIMA,LIMA,LA MOLINA,CALLE SAN JUAN 581,2248237,-12.087583,-77.017566,Endocrinología
CENTRO MEDICO LOS ANGELES,LIMA,LIMA,JESUS MARIA,AV. PRADO ESTE 3797,6152259,-12.15276,-77.059833,Medicina General
HOSPITAL NUEVA VIDA,LIMA,LIMA,PUEBLO LIBRE,AV. REPUBLICA 8552,7431688,-12.131883,-76.984539,Medicina General
POLICLINICO DEL PACIFICO,LIMA,LIMA,SAN ISIDRO,AV. REPUBLICA 8027,5980895,-12.081793,-76.911269,Geriatría
INSTITUTO DE SALUD SAN PABLO,LIMA,LIMA,MAGDALENA,AV. REPUBLICA 6556,8669406,-12.15839,-76.95591,Geriatría
CLINICA SAN FRANCISCO,LIMA,LIMA,JESUS MARIA,JR. LOS HEROES 1605,8653523,-11.96864,-76.927052,Medicina General
CENTRO MEDICO LA PAZ,LIMA,LIMA,LA MOLINA,AV. PRADO ESTE 8085,8868584,-11.991127,-77.041215,Medicina General
HOSPITAL LOS ARCOS,LIMA,LIMA,JESUS MARIA,JR. LOS HEROES 9581,8409470,-11.942979,-76.900515,Medicina General
POLICLINICO SAN MIGUEL,LIMA,LIMA,PUEBLO LIBRE,AV. LA FONTANA 9573,2782585,-12.099057,-77.040019,Medicina General
INSTITUTO DE SALUD SANTA ISABEL,LIMA,LIMA,MAGDALENA,JR. LOS HEROES 6290,9375201,-12.126655,-77.017555,Medicina General
CLINICA NUEVA ESPERANZA,LIMA,LIMA,PUEBLO LIBRE,AV. PRADO ESTE 9106,3444347,-11.95678,-76.904747,Cardiología
CENTRO MEDICO SAN CARLOS,LIMA,LIMA,JESUS MARIA,JR. LOS HEROES 8179,5592090,-12.173403,-76.93206,Cardiología
CLINICA VIRGEN DEL ROSARIO,LIMA,LIMA,SAN ISIDRO,AV. PRADO ESTE 1623,7413683,-12.059006,-77.006139,Cardiología
CENTRO MEDICO SAN JORGE,LIMA,LIMA,SAN BORJA,AV. PRADO ESTE 2213,6190457,-12.041079,-77.039535,Medicina General
HOSPITAL DEL SUR,LIMA,LIMA,SAN ISIDRO,AV. REPUBLICA 3985,2372627,-12.160232,-77.098505,Endocrinología
POLICLINICO SANTA MARIA,LIMA,LIMA,SURCO,AV. REPUBLICA 8637,2270369,-12.146939,-77.091621,Cardiología
INSTITUTO DE SALUD EL EDEN,LIMA,LIMA,SAN ISIDRO,AV. PRADO ESTE 4504,8421219,-12.11516,-76.90622,Geriatría
CLINICA LOS ALMENDROS,LIMA,LIMA,LA MOLINA,CALLE SAN JUAN 9031,6563043,-11.927062,-77.068866,Medicina General
CLINICA SAN LUCAS,LIMA,LIMA,SURCO,JR. LOS HEROES 3258,6261808,-11.994737,-76.952688,Neumología
CENTRO MEDICO LOS ANGELES,LIMA,LIMA,PUEBLO LIBRE,CALLE SAN JUAN 1945,5007590,-12.12988,-76.909421,Endocrinología
HOSPITAL NUEVA VIDA,LIMA,LIMA,SURCO,AV. PRADO ESTE 9086,6115062,-11.905698,-77.04381,Geriatría
POLICLINICO DEL PACIFICO,LIMA,LIMA,MIRAFLORES,CALLE SAN JUAN 8196,7664230,-12.14843,-77.012779,Cardiología
INSTITUTO DE SALUD SAN PABLO,LIMA,LIMA,MIRAFLORES,AV. LA FONTANA 4997,2651851,-12.005471,-76.90118,Neumología
CLINICA SAN FRANCISCO,LIMA,LIMA,SAN ISIDRO,AV. LA FONTANA 7812,3696112,-11.960544,-76.981337,Medicina General
CENTRO MEDICO LA PAZ,LIMA,LIMA,SAN BORJA,JR. LOS HEROES 7543,4928022,-12.034317,-76.909355,Neumología
HOSPITAL LOS ARCOS,LIMA,LIMA,JESUS MARIA,CALLE SAN JUAN 5512,9772180,-11.946886,-76.917753,Endocrinología
POLICLINICO SAN MIGUEL,LIMA,LIMA,SAN ISIDRO,JR. LOS HEROES 4648,9798075,-12.127936,-77.095066,Geriatría
INSTITUTO DE SALUD SANTA ISABEL,LIMA,LIMA,LA MOLINA,AV. REPUBLICA 8245,9931992,-11.949687,-77.036738,Medicina General
CLINICA NUEVA ESPERANZA,LIMA,LIMA,SAN ISIDRO,CALLE SAN JUAN 2769,9475515,-12.078794,-76.968276,Cardiología
CENTRO MEDICO SAN CARLOS,LIMA,LIMA,LA MOLINA,CALLE SAN JUAN 8447,9341241,-12.19128,-77.071117,Endocrinología
CLINICA VIRGEN DEL ROSARIO,LIMA,LIMA,SURCO,JR. LOS HEROES 9013,7924990,-12.190104,-77.052562,Endocrinología
CENTRO MEDICO SAN JORGE,LIMA,LIMA,SAN ISIDRO,AV. LA FONTANA 7519,8996941,-12.057119,-76.941995,Cardiología
HOSPITAL DEL SUR,LIMA,LIMA,LA MOLINA,AV. REPUBLICA 7869,3663993,-12.151679,-76.950267,Cardiología
POLICLINICO SANTA MARIA,LIMA,LIMA,MIRAFLORES,CALLE SAN JUAN 3468,7867081,-12.178876,-76.999823,Medicina General
INSTITUTO DE SALUD EL EDEN,LIMA,LIMA,SURCO,AV. REPUBLICA 6759,5074214,-11.991138,-76.984469,Geriatría
CLINICA LOS ALMENDROS,LIMA,LIMA,SAN BORJA,AV. REPUBLICA 4715,8937517,-12.188259,-76.950217,Neumología
CLINICA SAN LUCAS,LIMA,LIMA,JESUS MARIA,AV. REPUBLICA 775,4863993,-12.181699,-77.092563,Neumología
CENTRO MEDICO LOS ANGELES,LIMA,LIMA,PUEBLO LIBRE,AV. LA FONTANA 8829,7793514,-11.922416,-77.040073,Medicina General
HOSPITAL NUEVA VIDA,LIMA,LIMA,SAN BORJA,AV. LA FONTANA 2540,6092825,-12.147725,-77.037316,Neumología
POLICLINICO DEL PACIFICO,LIMA,LIMA,PUEBLO LIBRE,AV. LA FONTANA 8368,2424807,-12.024977,-76.951824,Cardiología
INSTITUTO DE SALUD SAN PABLO,LIMA,LIMA,LA MOLINA,JR. LOS HEROES 1183,8064185,-12.061719,-77.083331,Endocrinología
CLINICA SAN FRANCISCO,LIMA,LIMA,MIRAFLORES,JR. LOS HEROES 4019,8726625,-12.094695,-77.078943,Medicina General
CENTRO MEDICO LA PAZ,LIMA,LIMA,SAN BORJA,CALLE SAN JUAN 1378,4402976,-12.122724,-77.064834,Cardiología
HOSPITAL LOS ARCOS,LIMA,LIMA,JESUS MARIA,JR. LOS HEROES 3893,7912625,-12.062047,-76.934734,Endocrinología
POLICLINICO SAN MIGUEL,LIMA,LIMA,SURCO,JR. LOS HEROES 5098,9453022,-12.189372,-77.067833,Neumología
INSTITUTO DE SALUD SANTA ISABEL,LIMA,LIMA,SAN BORJA,AV. LA FONTANA 7385,6703075,-12.09695,-77.02665,Endocrinología
CLINICA NUEVA ESPERANZA,LIMA,LIMA,MIRAFLORES,AV. REPUBLICA 3429,4071516,-11.957323,-77.093853,Cardiología
CENTRO MEDICO SAN CARLOS,LIMA,LIMA,MAGDALENA,AV. REPUBLICA 1816,3400377,-12.119132,-77.005339,Neumología
CLINICA VIRGEN DEL ROSARIO,LIMA,LIMA,MAGDALENA,AV. REPUBLICA 3505,9010677,-11.987525,-77.078967,Geriatría
CENTRO MEDICO SAN JORGE,LIMA,LIMA,SAN ISIDRO,CALLE SAN JUAN 6524,9435810,-12.16974,-77.008557,Neumología
HOSPITAL DEL SUR,LIMA,LIMA,MIRAFLORES,CALLE SAN JUAN 8231,5718656,-11.97508,-76.935596,Geriatría
POLICLINICO SANTA MARIA,LIMA,LIMA,SAN BORJA,AV. REPUBLICA 2248,5678397,-12.023018,-76.9461,Neumología
INSTITUTO DE SALUD EL EDEN,LIMA,LIMA,MIRAFLORES,AV. REPUBLICA 1195,2419964,-11.924281,-77.008838,Neumología
CLINICA LOS ALMENDROS,LIMA,LIMA,PUEBLO LIBRE,CALLE SAN JUAN 1949,9570991,-12.129771,-76.994422,Cardiología
CLINICA SAN LUCAS,LIMA,LIMA,JESUS MARIA,AV. PRADO ESTE 3120,5496576,-11.926457,-76.902193,Cardiología
CENTRO MEDICO LOS ANGELES,LIMA,LIMA,SAN BORJA,AV. PRADO ESTE 4171,9430741,-11.992563,-76.977952,Cardiología
HOSPITAL NUEVA VIDA,LIMA,LIMA,MIRAFLORES,AV. REPUBLICA 7120,7479553,-12.121558,-76.964021,Medicina General
POLICLINICO DEL PACIFICO,LIMA,LIMA,SAN BORJA,JR. LOS HEROES 9186,3507520,-12.057724,-77.088599,Cardiología
INSTITUTO DE SALUD SAN PABLO,LIMA,LIMA,SAN BORJA,CALLE SAN JUAN 7657,9214186,-11.927108,-77.071532,Endocrinología
CLINICA SAN FRANCISCO,LIMA,LIMA,LA MOLINA,CALLE SAN JUAN 4330,3230774,-12.1103,-76.901542,Neumología
CENTRO MEDICO LA PAZ,LIMA,LIMA,SAN ISIDRO,AV. PRADO ESTE 1324,8452900,-12.181235,-77.066573,Cardiología
HOSPITAL LOS ARCOS,LIMA,LIMA,MIRAFLORES,CALLE SAN JUAN 6178,9572898,-11.99472,-77.075377,Medicina General
POLICLINICO SAN MIGUEL,LIMA,LIMA,SURCO,JR. LOS HEROES 9117,8452434,-12.054586,-76.908138,Cardiología
INSTITUTO DE SALUD SANTA ISABEL,LIMA,LIMA,PUEBLO LIBRE,AV. REPUBLICA 2191,2071523,-12.017155,-76.996828,Endocrinología
CLINICA NUEVA ESPERANZA,LIMA,LIMA,SAN BORJA,AV. LA FONTANA 5754,8018692,-12.160008,-76.914113,Endocrinología
CENTRO MEDICO SAN CARLOS,LIMA,LIMA,LA MOLINA,AV. PRADO ESTE 1569,7189550,-12.163485,-76.933024,Geriatría
CLINICA VIRGEN DEL ROSARIO,LIMA,LIMA,MIRAFLORES,AV. LA FONTANA 8333,4532503,-11.99018,-77.030955,Neumología
CENTRO MEDICO SAN JORGE,LIMA,LIMA,SAN ISIDRO,CALLE SAN JUAN 3889,2079784,-12.123024,-77.040688,Neumología
HOSPITAL DEL SUR,LIMA,LIMA,LA MOLINA,CALLE SAN JUAN 6535,2730910,-12.156293,-77.046183,Endocrinología
POLICLINICO SANTA MARIA,LIMA,LIMA,LA MOLINA,CALLE SAN JUAN 8800,6372500,-11.990279,-76.955472,Cardiología
INSTITUTO DE SALUD EL EDEN,LIMA,LIMA,SURCO,AV. REPUBLICA 1359,9595317,-11.956961,-76.965601,Medicina General
CLINICA LOS ALMENDROS,LIMA,LIMA,MIRAFLORES,CALLE SAN JUAN 415,7978287,-11.973123,-77.009537,Endocrinología
CLINICA SAN LUCAS,LIMA,LIMA,MIRAFLORES,AV. REPUBLICA 5372,3543444,-12.033867,-76.937374,Cardiología
CENTRO MEDICO LOS ANGELES,LIMA,LIMA,LA MOLINA,CALLE SAN JUAN 2217,5129500,-12.15206,-77.089358,Endocrinología
HOSPITAL NUEVA VIDA,LIMA,LIMA,JESUS MARIA,AV. PRADO ESTE 6930,4191386,-11.952376,-77.072141,Neumología
POLICLINICO DEL PACIFICO,LIMA,LIMA,LA MOLINA,JR. LOS HEROES 5977,4660252,-12.138306,-77.05528,Cardiología
INSTITUTO DE SALUD SAN PABLO,LIMA,LIMA,PUEBLO LIBRE,CALLE SAN JUAN 1882,3588330,-12.074295,-77.026536,Neumología
CLINICA SAN FRANCISCO,LIMA,LIMA,LA MOLINA,AV. PRADO ESTE 6916,7037072,-11.943781,-77.030521,Geriatría
CENTRO MEDICO LA PAZ,LIMA,LIMA,PUEBLO LIBRE,AV. LA FONTANA 1509,6416191,-12.12083,-76.974866,Endocrinología
HOSPITAL LOS ARCOS,LIMA,LIMA,SURCO,CALLE SAN JUAN 6110,4080529,-11.980088,-77.026481,Neumología
POLICLINICO SAN MIGUEL,LIMA,LIMA,PUEBLO LIBRE,JR. LOS HEROES 584,4527988,-12.049604,-76.927357,Neumología
INSTITUTO DE SALUD SANTA ISABEL,LIMA,LIMA,MIRAFLORES,AV. REPUBLICA 5943,9204658,-12.187623,-76.906162,Medicina General
CLINICA NUEVA ESPERANZA,LIMA,LIMA,LA MOLINA,CALLE SAN JUAN 2424,9517411,-11.963262,-77.014112,Endocrinología
CENTRO MEDICO SAN CARLOS,LIMA,LIMA,LA MOLINA,AV. PRADO ESTE 9963,6561310,-11.978128,-76.901616,Neumología
CLINICA VIRGEN DEL ROSARIO,LIMA,LIMA,SURCO,CALLE SAN JUAN 2438,4654576,-11.99889,-76.967832,Endocrinología
CENTRO MEDICO SAN JORGE,LIMA,LIMA,PUEBLO LIBRE,AV. PRADO ESTE 9598,3478554,-11.988198,-76.93233,Medicina General
HOSPITAL DEL SUR,LIMA,LIMA,MAGDALENA,AV. PRADO ESTE 2106,7498072,-11.926935,-76.949176,Medicina General
POLICLINICO SANTA MARIA,LIMA,LIMA,MAGDALENA,AV. LA FONTANA 8582,5644803,-12.144533,-76.916197,Medicina General
INSTITUTO DE SALUD EL EDEN,LIMA,LIMA,MIRAFLORES,AV. PRADO ESTE 7200,8291811,-11.909258,-77.016753,Neumología
CLINICA LOS ALMENDROS,LIMA,LIMA,SURCO,JR. LOS HEROES 1865,3912933,-12.004038,-77.011373,Endocrinología
CLINICA SAN LUCAS,LIMA,LIMA,SAN ISIDRO,AV. LA FONTANA 9720,9152549,-11.914501,-77.032143,Medicina General
CENTRO MEDICO LOS ANGELES,LIMA,LIMA,SAN ISIDRO,AV. PRADO ESTE 6443,2203154,-11.919306,-77.014664,Neumología
HOSPITAL NUEVA VIDA,LIMA,LIMA,JESUS MARIA,AV. PRADO ESTE 3062,4860933,-12.091122,-76.901727,Medicina General
POLICLINICO DEL PACIFICO,LIMA,LIMA,JESUS MARIA,AV. REPUBLICA 2014,5794223,-11.915816,-76.994117,Cardiología
INSTITUTO DE SALUD SAN PABLO,LIMA,LIMA,SAN BORJA,CALLE SAN JUAN 9811,4464629,-12.14465,-77.013598,Neumología
CLINICA SAN FRANCISCO,LIMA,LIMA,SAN BORJA,AV. LA FONTANA 3449,5698490,-12.181739,-76.979564,Endocrinología
CENTRO MEDICO LA PAZ,LIMA,LIMA,SAN BORJA,AV. REPUBLICA 6662,7115823,-11.936057,-76.947515,Medicina General
HOSPITAL LOS ARCOS,LIMA,LIMA,SURCO,AV. PRADO ESTE 7968,9401397,-12.19398,-77.028814,Neumología
POLICLINICO SAN MIGUEL,LIMA,LIMA,PUEBLO LIBRE,CALLE SAN JUAN 3800,4675064,-12.010734,-76.981377,Cardiología
INSTITUTO DE SALUD SANTA ISABEL,LIMA,LIMA,SAN ISIDRO,AV. LA FONTANA 6809,3126789,-12.0355,-76.969531,Cardiología
CLINICA NUEVA ESPERANZA,LIMA,LIMA,SAN BORJA,AV. PRADO ESTE 1452,3736622,-12.118929,-77.010426,Neumología
CENTRO MEDICO SAN CARLOS,LIMA,LIMA,LA MOLINA,CALLE SAN JUAN 1439,8798132,-12.181273,-76.900804,Cardiología
CLINICA VIRGEN DEL ROSARIO,LIMA,LIMA,PUEBLO LIBRE,CALLE SAN JUAN 4880,6771113,-12.152908,-77.02088,Medicina General
CENTRO MEDICO SAN JORGE,LIMA,LIMA,SAN BORJA,AV. REPUBLICA 6373,2763382,-12.131944,-76.938027,Geriatría
HOSPITAL DEL SUR,LIMA,LIMA,SURCO,AV. PRADO ESTE 6201,7874639,-12.037029,-76.931689,Geriatría
POLICLINICO SANTA MARIA,LIMA,LIMA,MAGDALENA,AV. PRADO ESTE 4779,2560594,-12.143902,-76.900955,Geriatría
INSTITUTO DE SALUD EL EDEN,LIMA,LIMA,SAN ISIDRO,AV. REPUBLICA 3921,7168294,-12.034907,-77.029071,Geriatría
CLINICA LOS ALMENDROS,LIMA,LIMA,LA MOLINA,AV. REPUBLICA 5363,9964664,-12.165687,-77.096626,Geriatría
CLINICA SAN LUCAS,LIMA,LIMA,PUEBLO LIBRE,AV. REPUBLICA 2625,7231712,-11.995611,-76.995676,Endocrinología
CENTRO MEDICO LOS ANGELES,LIMA,LIMA,SAN BORJA,AV. REPUBLICA 9310,6082049,-11.901244,-77.054383,Geriatría
HOSPITAL NUEVA VIDA,LIMA,LIMA,SAN BORJA,AV. PRADO ESTE 2123,8121646,-11.97247,-76.998361,Medicina General
POLICLINICO DEL PACIFICO,LIMA,LIMA,MIRAFLORES,AV. LA FONTANA 6228,7796215,-12.109693,-77.039757,Neumología
INSTITUTO DE SALUD SAN PABLO,LIMA,LIMA,JESUS MARIA,CALLE SAN JUAN 9333,2387700,-12.168098,-77.081832,Endocrinología
CLINICA SAN FRANCISCO,LIMA,LIMA,PUEBLO LIBRE,AV. REPUBLICA 1468,6732429,-11.955263,-77.091381,Cardiología
CENTRO MEDICO LA PAZ,LIMA,LIMA,PUEBLO LIBRE,CALLE SAN JUAN 8837,4051167,-11.910864,-77.01374,Neumología
HOSPITAL LOS ARCOS,LIMA,LIMA,LA MOLINA,AV. PRADO ESTE 8775,6361314,-11.957721,-76.922059,Cardiología
POLICLINICO SAN MIGUEL,LIMA,LIMA,JESUS MARIA,AV. PRADO ESTE 9004,6927642,-12.019943,-76.97871,Endocrinología
INSTITUTO DE SALUD SANTA ISABEL,LIMA,LIMA,SAN ISIDRO,AV. LA FONTANA 5633,5411390,-11.999217,-77.024413,Cardiología
CLINICA NUEVA ESPERANZA,LIMA,LIMA,SAN ISIDRO,AV. PRADO ESTE 8081,4777768,-11.910179,-76.965677,Geriatría
CENTRO MEDICO SAN CARLOS,LIMA,LIMA,JESUS MARIA,JR. LOS HEROES 2605,6471915,-11.949135,-76.954946,Neumología
CLINICA VIRGEN DEL ROSARIO,LIMA,LIMA,SURCO,AV. PRADO ESTE 3589,9336271,-12.122386,-76.975846,Geriatría
CENTRO MEDICO SAN JORGE,LIMA,LIMA,MAGDALENA,AV. REPUBLICA 7429,2456123,-12.018923,-76.961992,Geriatría
HOSPITAL DEL SUR,LIMA,LIMA,MAGDALENA,JR. LOS HEROES 4841,3113949,-12.139627,-76.967004,Cardiología
POLICLINICO SANTA MARIA,LIMA,LIMA,MAGDALENA,AV. LA FONTANA 7151,6797001,-12.073134,-77.046072,Medicina General
INSTITUTO DE SALUD EL EDEN,LIMA,LIMA,MAGDALENA,JR. LOS HEROES 3520,5262321,-11.971644,-77.060472,Endocrinología
CLINICA LOS ALMENDROS,LIMA,LIMA,LA MOLINA,AV. PRADO ESTE 6333,2328466,-11.934819,-76.908991,Neumología
CLINICA SAN LUCAS,LIMA,LIMA,MIRAFLORES,AV. REPUBLICA 5807,5071998,-11.96115,-77.078391,Cardiología
CENTRO MEDICO LOS ANGELES,LIMA,LIMA,LA MOLINA,AV. REPUBLICA 3854,2347306,-12.191161,-77.081845,Neumología
HOSPITAL NUEVA VIDA,LIMA,LIMA,SAN ISIDRO,JR. LOS HEROES 6339,8132825,-12.171177,-77.061442,Geriatría
POLICLINICO DEL PACIFICO,LIMA,LIMA,MAGDALENA,AV. PRADO ESTE 3940,6804605,-12.141014,-76.939864,Endocrinología
INSTITUTO DE SALUD SAN PABLO,LIMA,LIMA,SAN BORJA,AV. REPUBLICA 7979,2069956,-11.958045,-76.932433,Endocrinología
CLINICA SAN FRANCISCO,LIMA,LIMA,MAGDALENA,AV. LA FONTANA 6667,4894216,-12.144055,-77.00658,Neumología
CENTRO MEDICO LA PAZ,LIMA,LIMA,LA MOLINA,AV. REPUBLICA 4367,6321452,-12.138779,-77.069058,Cardiología
HOSPITAL LOS ARCOS,LIMA,LIMA,LA MOLINA,CALLE SAN JUAN 4166,4991753,-12.065945,-76.932385,Medicina General
POLICLINICO SAN MIGUEL,LIMA,LIMA,PUEBLO LIBRE,AV. PRADO ESTE 6160,8019780,-11.98964,-77.052358,Neumología
INSTITUTO DE SALUD SANTA ISABEL,LIMA,LIMA,MIRAFLORES,AV. LA FONTANA 4870,4530957,-12.06381,-76.985209,Geriatría
CLINICA NUEVA ESPERANZA,LIMA,LIMA,SAN ISIDRO,AV. LA FONTANA 9703,2693624,-12.1809,-77.08711,Endocrinología
CENTRO MEDICO SAN CARLOS,LIMA,LIMA,SAN ISIDRO,AV. LA FONTANA 7732,6094623,-12.155621,-77.001388,Neumología
CLINICA VIRGEN DEL ROSARIO,LIMA,LIMA,LA MOLINA,JR. LOS HEROES 7516,6265763,-12.131469,-77.064485,Medicina General
CENTRO MEDICO SAN JORGE,LIMA,LIMA,SURCO,JR. LOS HEROES 3115,3723013,-12.077947,-77.00491,Neumología
HOSPITAL DEL SUR,LIMA,LIMA,SAN ISIDRO,AV. REPUBLICA 988,8155455,-11.904823,-76.927776,Geriatría
POLICLINICO SANTA MARIA,LIMA,LIMA,MAGDALENA,AV. REPUBLICA 2155,7223007,-12.033686,-76.98512,Neumología
INSTITUTO DE SALUD EL EDEN,LIMA,LIMA,PUEBLO LIBRE,AV. REPUBLICA 1786,7113102,-12.13257,-77.083772,Cardiología
CLINICA LOS ALMENDROS,LIMA,LIMA,MIRAFLORES,JR. LOS HEROES 4497,7836671,-12.081033,-76.960276,Endocrinología
CLINICA SAN LUCAS,LIMA,LIMA,SURCO,AV. PRADO ESTE 4765,7828139,-11.961843,-76.972218,Neumología
CENTRO MEDICO LOS ANGELES,LIMA,LIMA,MIRAFLORES,CALLE SAN JUAN 3632,3553646,-12.16688,-77.082403,Neumología
HOSPITAL NUEVA VIDA,LIMA,LIMA,PUEBLO LIBRE,AV. LA FONTANA 4734,6429428,-12.005294,-77.057598,Neumología
POLICLINICO DEL PACIFICO,LIMA,LIMA,LA MOLINA,AV. PRADO ESTE 6093,3610604,-12.152965,-77.031744,Geriatría
INSTITUTO DE SALUD SAN PABLO,LIMA,LIMA,MIRAFLORES,AV. REPUBLICA 760,4199855,-11.93735,-77.036466,Endocrinología
CLINICA SAN FRANCISCO,LIMA,LIMA,LA MOLINA,JR. LOS HEROES 6647,4975603,-11.971921,-76.956733,Endocrinología
CENTRO MEDICO LA PAZ,LIMA,LIMA,MIRAFLORES,CALLE SAN JUAN 2193,6323133,-12.011264,-76.968585,Endocrinología
HOSPITAL LOS ARCOS,LIMA,LIMA,SURCO,JR. LOS HEROES 5860,4392252,-12.191551,-76.947223,Neumología
POLICLINICO SAN MIGUEL,LIMA,LIMA,SAN BORJA,CALLE SAN JUAN 5408,3990332,-11.90485,-77.043368,Medicina General
INSTITUTO DE SALUD SANTA ISABEL,LIMA,LIMA,MAGDALENA,JR. LOS HEROES 6844,2261982,-12.029673,-76.959962,Geriatría
CLINICA NUEVA ESPERANZA,LIMA,LIMA,SURCO,AV. PRADO ESTE 6296,5871184,-11.982556,-77.033299,Geriatría
CENTRO MEDICO SAN CARLOS,LIMA,LIMA,SURCO,AV. LA FONTANA 2553,9697394,-11.928453,-77.085678,Endocrinología
CLINICA VIRGEN DEL ROSARIO,LIMA,LIMA,SAN ISIDRO,AV. LA FONTANA 6474,9146852,-11.965692,-76.900726,Endocrinología
CENTRO MEDICO SAN JORGE,LIMA,LIMA,MAGDALENA,AV. PRADO ESTE 9035,6833736,-12.073843,-77.079988,Neumología
HOSPITAL DEL SUR,LIMA,LIMA,SURCO,AV. REPUBLICA 9677,6815040,-12.170668,-77.027085,Endocrinología
POLICLINICO SANTA MARIA,LIMA,LIMA,JESUS MARIA,AV. PRADO ESTE 1565,7258665,-12.039245,-76.969556,Medicina General
INSTITUTO DE SALUD EL EDEN,LIMA,LIMA,SAN ISIDRO,CALLE SAN JUAN 2201,3570561,-12.108904,-76.949036,Endocrinología
CLINICA LOS ALMENDROS,LIMA,LIMA,MIRAFLORES,CALLE SAN JUAN 8765,5100503,-12.095061,-77.096591,Endocrinología
CLINICA NUESTRA SEÑORA,LIMA,LIMA,MAGDALENA,AV. PRADO ESTE 9856,5174525,-12.170504,-77.047051,Medicina General
HOSPITAL SAN PABLO,LIMA,LIMA,JESUS MARIA,JR. LOS HEROES 718,4698554,-11.921203,-76.942239,Cardiología
CENTRO MEDICO DEL SOL,LIMA,LIMA,MIRAFLORES,AV. PRADO ESTE 5789,8499643,-12.013086,-77.07829,Geriatría
INSTITUTO DE SALUD LAS AMERICAS,LIMA,LIMA,MIRAFLORES,JR. LOS HEROES 5884,3066850,-11.97876,-76.934964,Geriatría
POLICLINICO NUEVO HORIZONTE,LIMA,LIMA,SAN BORJA,CALLE SAN JUAN 1904,9353819,-11.932527,-77.036039,Neumología
CLINICA VIDA SALUD,LIMA,LIMA,SAN ISIDRO,CALLE SAN JUAN 7328,5788184,-12.026566,-76.937835,Medicina General
CENTRO MEDICO SANTA ROSA,LIMA,LIMA,MIRAFLORES,AV. PRADO ESTE 2182,8369725,-12.015524,-76.920221,Neumología
HOSPITAL DEL NORTE,LIMA,LIMA,MIRAFLORES,AV. REPUBLICA 9760,3090680,-11.95025,-76.963422,Medicina General
INSTITUTO DE SALUD LIMA SUR,LIMA,LIMA,LA MOLINA,AV. REPUBLICA 9571,2093282,-12.002416,-77.032536,Geriatría
CLINICA DEL ESTE,LIMA,LIMA,LA MOLINA,AV. PRADO ESTE 5104,2671859,-11.938986,-77.078468,Cardiología
POLICLINICO LOS PINOS,LIMA,LIMA,SURCO,AV. REPUBLICA 3857,4298521,-12.09736,-76.961726,Medicina General
CLINICA SANTA ANA,LIMA,LIMA,PUEBLO LIBRE,AV. PRADO ESTE 2550,4641870,-12.045002,-76.935861,Geriatría
CENTRO MEDICO ANDINO,LIMA,LIMA,PUEBLO LIBRE,CALLE SAN JUAN 4914,6451580,-12.127342,-76.974168,Neumología
HOSPITAL SAN MARTIN,LIMA,LIMA,MIRAFLORES,JR. LOS HEROES 1307,9519407,-12.033156,-76.950932,Neumología
CLINICA LOS JARDINES,LIMA,LIMA,LA MOLINA,AV. LA FONTANA 7652,2564500,-12.03515,-76.91963,Geriatría
POLICLINICO DEL OESTE,LIMA,LIMA,LA MOLINA,JR. LOS HEROES 129,5418121,-11.911892,-77.067714,Cardiología
CLINICA EL BOSQUE,LIMA,LIMA,SAN BORJA,JR. LOS HEROES 9010,7160591,-12.034847,-76.952932,Cardiología
INSTITUTO DE SALUD CENTRAL,LIMA,LIMA,MAGDALENA,JR. LOS HEROES 399,9076702,-12.002758,-76.976057,Medicina General
CLINICA SANTA MONICA,LIMA,LIMA,PUEBLO LIBRE,CALLE SAN JUAN 5672,5196715,-11.983233,-76.912989,Cardiología
CENTRO MEDICO LA VEGA,LIMA,LIMA,SAN ISIDRO,CALLE SAN JUAN 7031,7227431,-12.027552,-77.064479,Geriatría
CLINICA SAN ANDRES,LIMA,LIMA,MIRAFLORES,AV. LA FONTANA 620,3144705,-11.996153,-77.055712,Cardiología
CENTRO MEDICO LOS OLIVOS,LIMA,LIMA,PUEBLO LIBRE,AV. PRADO ESTE 6078,9650460,-12.098602,-77.039403,Endocrinología
HOSPITAL LA MERCED,LIMA,LIMA,MIRAFLORES,AV. REPUBLICA 7051,4560471,-12.095645,-77.087669,Medicina General
POLICLINICO VISTA ALEGRE,LIMA,LIMA,SURCO,CALLE SAN JUAN 2420,9863162,-12.14948,-77.088234,Endocrinología
INSTITUTO DE SALUD ANDINO,LIMA,LIMA,SURCO,AV. PRADO ESTE 7767,3378250,-11.963951,-77.098567,Medicina General
CLINICA SAN FELIPE,LIMA,LIMA,MIRAFLORES,AV. PRADO ESTE 5669,4529069,-12.150149,-77.028776,Neumología
CENTRO MEDICO EL BOSQUE,LIMA,LIMA,JESUS MARIA,AV. REPUBLICA 7265,2194992,-11.921491,-77.009033,Cardiología
HOSPITAL SANTA CLARA,LIMA,LIMA,LA MOLINA,JR. LOS HEROES 1357,9552252,-12.076917,-77.022092,Medicina General
POLICLINICO LOS ALAMOS,LIMA,LIMA,JESUS MARIA,AV. LA FONTANA 5790,8243245,-11.969534,-76.96723,Geriatría
CLINICA NUEVA VIDA,LIMA,LIMA,LA MOLINA,AV. REPUBLICA 8753,5075642,-12.135617,-76.997449,Geriatría
INSTITUTO DE SALUD MONTEVERDE,LIMA,LIMA,MAGDALENA,CALLE SAN JUAN 9087,9782958,-11.938993,-77.022558,Geriatría
CLINICA SAN LUCAS,LIMA,LIMA,SAN BORJA,AV. PRADO ESTE 4318,8545179,-12.126061,-77.060607,Cardiología
CENTRO MEDICO EL SOL,LIMA,LIMA,MAGDALENA,AV. REPUBLICA 6896,9479844,-12.188432,-77.051793,Geriatría
HOSPITAL LOS CEDROS,LIMA,LIMA,PUEBLO LIBRE,AV. REPUBLICA 7948,8770006,-12.158963,-76.949102,Medicina General
POLICLINICO SAN ANTONIO,LIMA,LIMA,LA MOLINA,CALLE SAN JUAN 1961,6369124,-11.905644,-76.964535,Cardiología
CLINICA SANTA ROSA,LIMA,LIMA,LA MOLINA,CALLE SAN JUAN 1765,3207757,-11.944139,-77.027563,Geriatría
CENTRO MEDICO LA LUZ,LIMA,LIMA,SURCO,AV. REPUBLICA 2012,8465140,-12.021241,-76.903615,Medicina General
HOSPITAL SAN FRANCISCO,LIMA,LIMA,PUEBLO LIBRE,AV. LA FONTANA 862,5642163,-12.164295,-76.965565,Endocrinología
POLICLINICO NUEVA ESPERANZA,LIMA,LIMA,LA MOLINA,JR. LOS HEROES 1835,6405140,-12.068888,-77.080619,Medicina General
INSTITUTO DE SALUD NORTE,LIMA,LIMA,MIRAFLORES,AV. LA FONTANA 9420,7838551,-12.063501,-76.907864,Endocrinología
CLINICA VIRGEN DEL CARMEN,LIMA,LIMA,LA MOLINA,JR. LOS HEROES 9629,3975380,-11.925548,-77.008902,Geriatría
CENTRO MEDICO SAN JOAQUIN,LIMA,LIMA,SAN ISIDRO,CALLE SAN JUAN 1543,9782250,-12.036378,-76.906391,Endocrinología
HOSPITAL LOS ARCOS,LIMA,LIMA,MAGDALENA,CALLE SAN JUAN 3672,6103687,-12.076284,-77.075637,Cardiología
POLICLINICO EL PARQUE,LIMA,LIMA,LA MOLINA,JR. LOS HEROES 4976,3132228,-11.936628,-76.959787,Geriatría
CLINICA SANTA ISABEL,LIMA,LIMA,PUEBLO LIBRE,CALLE SAN JUAN 6806,5530702,-11.916112,-76.933337,Medicina General
INSTITUTO DE SALUD EL ORO,LIMA,LIMA,JESUS MARIA,CALLE SAN JUAN 3802,6323517,-12.107928,-77.035612,Endocrinología
CENTRO MEDICO VILLA MARIA,LIMA,LIMA,LA MOLINA,AV. REPUBLICA 6443,7087911,-11.932013,-76.968918,Neumología
HOSPITAL NUEVO HORIZONTE,LIMA,LIMA,LA MOLINA,CALLE SAN JUAN 1939,3990634,-11.993594,-76.942944,Medicina General
CLINICA ANDINA,LIMA,LIMA,LA MOLINA,JR. LOS HEROES 1897,5169612,-12.018698,-76.986727,Neumología
POLICLINICO SAN MARCOS,LIMA,LIMA,MAGDALENA,AV. REPUBLICA 6210,3748525,-12.055326,-77.08045,Endocrinología
INSTITUTO DE SALUD LOS PINOS,LIMA,LIMA,MAGDALENA,JR. LOS HEROES 1246,9642515,-12.188843,-77.003829,Endocrinología
HOSPITAL SAN JUAN,LIMA,LIMA,SAN ISIDRO,JR. LOS HEROES 6081,9758853,-11.959344,-76.95282,Endocrinología
CLINICA VIRGEN DE GUADALUPE,LIMA,LIMA,MIRAFLORES,AV. REPUBLICA 7839,8751658,-11.999878,-77.086652,Cardiología
CENTRO MEDICO LA PAZ,LIMA,LIMA,MIRAFLORES,JR. LOS HEROES 4601,9413915,-12.135753,-77.024657,Geriatría
POLICLINICO SAN AGUSTIN,LIMA,LIMA,MIRAFLORES,AV. LA FONTANA 7018,7691745,-12.162523,-76.906134,Endocrinología
HOSPITAL LAS FLORES,LIMA,LIMA,SURCO,JR. LOS HEROES 9349,3965467,-11.972779,-76.969986,Medicina General
INSTITUTO DE SALUD SAN LUIS,LIMA,LIMA,PUEBLO LIBRE,CALLE SAN JUAN 6301,9036884,-11.961093,-76.915707,Medicina General
CLINICA EL MOLINO,LIMA,LIMA,SURCO,AV. REPUBLICA 4571,7345683,-11.990612,-77.075659,Endocrinología
CENTRO MEDICO SAN FERNANDO,LIMA,LIMA,SAN ISIDRO,AV. LA FONTANA 486,5473750,-12.107658,-77.08258,Neumología
HOSPITAL DEL PACIFICO,LIMA,LIMA,SAN BORJA,CALLE SAN JUAN 7152,8463005,-12.069595,-76.92312,Geriatría
CLINICA SAN FRANCISCO,LIMA,LIMA,MIRAFLORES,AV. LA FONTANA 9769,9109728,-11.912697,-76.939551,Geriatría
CENTRO MEDICO LOS GIRASOLES,LIMA,LIMA,SURCO,AV. PRADO ESTE 5252,5929808,-12.142783,-77.087882,Endocrinología
HOSPITAL NUEVA ESPERANZA,LIMA,LIMA,MIRAFLORES,AV. REPUBLICA 8187,9200224,-12.061335,-77.047084,Geriatría
POLICLINICO SAN PEDRO,LIMA,LIMA,PUEBLO LIBRE,AV. REPUBLICA 6848,9923000,-11.950892,-77.092866,Geriatría
INSTITUTO DE SALUD LOS ROBLES,LIMA,LIMA,SAN BORJA,CALLE SAN JUAN 6927,2996469,-12.08029,-77.011092,Medicina General
CLINICA EL REMANSO,LIMA,LIMA,SAN BORJA,CALLE SAN JUAN 9080,4806526,-11.977593,-76.984192,Endocrinología
CENTRO MEDICO SAN MARTIN,LIMA,LIMA,PUEBLO LIBRE,CALLE SAN JUAN 9131,3672446,-12.142511,-77.009889,Endocrinología
HOSPITAL LAS LOMAS,LIMA,LIMA,MIRAFLORES,AV. PRADO ESTE 4916,9470713,-11.935898,-77.021759,Geriatría
POLICLINICO LOS PINARES,LIMA,LIMA,MAGDALENA,CALLE SAN JUAN 5855,2580517,-12.024207,-77.029643,Neumología
CLINICA EL CAMINO,LIMA,LIMA,MIRAFLORES,CALLE SAN JUAN 1773,5937547,-12.114458,-76.939285,Endocrinología
INSTITUTO DE SALUD DEL VALLE,LIMA,LIMA,PUEBLO LIBRE,CALLE SAN JUAN 5663,5862488,-12.081024,-76.952699,Geriatría
CLINICA SANTA ANA,LIMA,LIMA,PUEBLO LIBRE,AV. LA FONTANA 2059,7444710,-12.179856,-76.93562,Endocrinología
CENTRO MEDICO LA VEGA,LIMA,LIMA,MIRAFLORES,AV. REPUBLICA 1829,2436469,-12.058771,-76.925153,Medicina General
HOSPITAL NUEVA LUZ,LIMA,LIMA,LA MOLINA,JR. LOS HEROES 4600,5078285,-11.904247,-76.9021,Geriatría
POLICLINICO SANTA MARTA,LIMA,LIMA,LA MOLINA,AV. REPUBLICA 9440,8375877,-11.968081,-76.956672,Geriatría
CLINICA SAN CRISTOBAL,LIMA,LIMA,MAGDALENA,AV. LA FONTANA 3154,6286426,-12.177962,-76.991562,Cardiología
INSTITUTO DE SALUD EL BOSQUE,LIMA,LIMA,SURCO,AV. REPUBLICA 9230,6240112,-12.145981,-76.926187,Endocrinología
CENTRO MEDICO EL REFUGIO,LIMA,LIMA,SURCO,JR. LOS HEROES 3227,3318839,-12.167794,-76.909996,Endocrinología
HOSPITAL LOS MANZANOS,LIMA,LIMA,MAGDALENA,AV. REPUBLICA 9591,6415635,-11.901598,-77.075788,Neumología
POLICLINICO DEL NORTE,LIMA,LIMA,SURCO,AV. LA FONTANA 1681,2903075,-12.117238,-76.945195,Endocrinología
CLINICA LA COSTA,LIMA,LIMA,SURCO,AV. PRADO ESTE 3889,6397376,-12.027755,-76.973678,Cardiología
CENTRO MEDICO SAN GERMAN,LIMA,LIMA,MIRAFLORES,AV. PRADO ESTE 9993,4119180,-12.163409,-76.929839,Neumología
HOSPITAL EL ROSARIO,LIMA,LIMA,LA MOLINA,AV. REPUBLICA 2541,4897371,-11.904176,-76.909407,Neumología
POLICLINICO LA CAMPIÑA,LIMA,LIMA,MAGDALENA,AV. LA FONTANA 4471,7271260,-11.960787,-77.016342,Geriatría
CLINICA SANTA MARIA,LIMA,LIMA,PUEBLO LIBRE,AV. LA FONTANA 3651,5360141,-11.948507,-77.018101,Medicina General
INSTITUTO DE SALUD SAN CARLOS,LIMA,LIMA,JESUS MARIA,AV. REPUBLICA 8089,8328465,-12.130389,-76.943075,Medicina General
CENTRO MEDICO EL ESPINO,LIMA,LIMA,SAN ISIDRO,JR. LOS HEROES 1784,2077104,-11.96297,-76.93076,Geriatría
HOSPITAL SANTA CLARA,LIMA,LIMA,MIRAFLORES,AV. LA FONTANA 1154,6865341,-12.089111,-77.044956,Medicina General
CLINICA LOS SAUCES,LIMA,LIMA,LA MOLINA,JR. LOS HEROES 3931,2629332,-11.905238,-76.908083,Endocrinología
POLICLINICO LOS CEDROS,LIMA,LIMA,MAGDALENA,AV. REPUBLICA 9265,3985074,-12.117378,-76.929368,Medicina General
INSTITUTO DE SALUD SAN PEDRO,LIMA,LIMA,SAN BORJA,AV. LA FONTANA 8545,5087286,-11.999251,-76.98757,Cardiología
HOSPITAL VILLA SOL,LIMA,LIMA,PUEBLO LIBRE,JR. LOS HEROES 5506,3174658,-12.011417,-76.940599,Geriatría
CLINICA NUEVO HORIZONTE,LIMA,LIMA,SURCO,JR. LOS HEROES 2536,2584925,-12.110325,-77.018641,Endocrinología
CENTRO MEDICO LAS PALMAS,LIMA,LIMA,SAN ISIDRO,AV. LA FONTANA 733,9492444,-12.056543,-77.068611,Endocrinología
POLICLINICO SAN PABLO,LIMA,LIMA,PUEBLO LIBRE,JR. LOS HEROES 7316,5485781,-12.083246,-76.932429,Neumología
INSTITUTO DE SALUD LOS ALTOS,LIMA,LIMA,SAN BORJA,JR. LOS HEROES 1765,9997801,-11.989071,-76.95548,Endocrinología
HOSPITAL LA ESPERANZA,LIMA,LIMA,SAN BORJA,AV. REPUBLICA 4121,5165622,-12.164399,-77.02147,Geriatría
CLINICA SAN VICENTE,LIMA,LIMA,SAN ISIDRO,AV. PRADO ESTE 5274,7088956,-12.033939,-76.973923,Cardiología
CENTRO MEDICO SAN FERNANDO,LIMA,LIMA,LA MOLINA,AV. LA FONTANA 6762,7524339,-11.90496,-77.06126,Endocrinología
HOSPITAL DEL VALLE,LIMA,LIMA,MIRAFLORES,JR. LOS HEROES 8779,9205022,-12.013454,-76.959385,Cardiología
CLINICA DEL SOL,LIMA,LIMA,SURCO,JR. LOS HEROES 8564,4430626,-12.169971,-76.924362,Geriatría
CENTRO MEDICO LOS CIPRESES,LIMA,LIMA,SURCO,AV. REPUBLICA 2534,8042068,-11.956516,-77.057308,Endocrinología
HOSPITAL SAN PEDRO,LIMA,LIMA,MIRAFLORES,AV. PRADO ESTE 3607,2892143,-12.130304,-77.048822,Cardiología
POLICLINICO NUEVA SALUD,LIMA,LIMA,SAN ISIDRO,AV. PRADO ESTE 7187,4824625,-12.029404,-77.090906,Geriatría
INSTITUTO DE SALUD LAS PALMERAS,LIMA,LIMA,SAN BORJA,AV. PRADO ESTE 9506,5422597,-12.187746,-77.018908,Neumología
CLINICA NUEVA VIDA,LIMA,LIMA,SAN BORJA,AV. PRADO ESTE 9578,5121629,-11.901263,-77.009326,Endocrinología
CENTRO MEDICO LOS GIRASOLES,LIMA,LIMA,SAN BORJA,CALLE SAN JUAN 6018,7410603,-12.048179,-77.058518,Cardiología
HOSPITAL DEL CENTRO,LIMA,LIMA,MAGDALENA,AV. LA FONTANA 8779,7935412,-12.116564,-76.980703,Cardiología
POLICLINICO SAN RAFAEL,LIMA,LIMA,JESUS MARIA,CALLE SAN JUAN 8226,3714989,-12.045658,-77.042951,Geriatría
CLINICA SANTA LUCIA,LIMA,LIMA,MIRAFLORES,CALLE SAN JUAN 9024,9536231,-11.929206,-77.086551,Cardiología
INSTITUTO DE SALUD EL DESCANSO,LIMA,LIMA,LA MOLINA,AV. PRADO ESTE 2275,7524169,-12.104275,-77.086691,Neumología
CLINICA EL RIO,LIMA,LIMA,JESUS MARIA,AV. LA FONTANA 4694,8140017,-12.054875,-77.097251,Neumología
CENTRO MEDICO LOS ALMENDROS,LIMA,LIMA,SURCO,AV. PRADO ESTE 2123,5465090,-12.113937,-76.945948,Geriatría
HOSPITAL NUEVA SONRISA,LIMA,LIMA,SAN BORJA,AV. LA FONTANA 1066,3788685,-12.040541,-76.948076,Endocrinología
POLICLINICO VILLA ANDINA,LIMA,LIMA,SAN BORJA,JR. LOS HEROES 7506,9145404,-12.076905,-77.06485,Endocrinología
CLINICA DEL VALLE,LIMA,LIMA,LA MOLINA,JR. LOS HEROES 2446,8934125,-12.161068,-76.983032,Endocrinología
INSTITUTO DE SALUD LA MONTAÑA,LIMA,LIMA,LA MOLINA,AV. REPUBLICA 3151,8636622,-12.150472,-76.955148,Neumología
CENTRO MEDICO LOS NOGALES,LIMA,LIMA,LA MOLINA,JR. LOS HEROES 8901,8627051,-12.060384,-76.984942,Neumología
HOSPITAL SAN JUAN,LIMA,LIMA,MAGDALENA,JR. LOS HEROES 3793,7397063,-12.051069,-77.00861,Medicina General
POLICLINICO NUEVA VIDA,LIMA,LIMA,SAN ISIDRO,AV. LA FONTANA 7526,8513274,-12.176347,-77.029278,Geriatría
CLINICA LOS EUCALIPTOS,LIMA,LIMA,SAN BORJA,AV. PRADO ESTE 4960,4202972,-11.930394,-77.089251,Neumología
CENTRO MEDICO SAN SEBASTIAN,LIMA,LIMA,PUEBLO LIBRE,JR. LOS HEROES 6788,3800281,-11.98135,-77.003886,Medicina General
HOSPITAL EL JARDIN,LIMA,LIMA,MAGDALENA,AV. REPUBLICA 3900,5255527,-12.135347,-77.090382,Cardiología
POLICLINICO LOS CASTAÑOS,LIMA,LIMA,MIRAFLORES,CALLE SAN JUAN 3896,8937470,-12.188867,-77.035309,Endocrinología
CLINICA LA CRUZ,LIMA,LIMA,SAN BORJA,AV. PRADO ESTE 9642,5419919,-12.080524,-77.014717,Geriatría
INSTITUTO DE SALUD SAN LORENZO,LIMA,LIMA,MIRAFLORES,JR. LOS HEROES 2047,3430798,-12.103636,-77.007831,Endocrinología
CENTRO MEDICO NUEVA ESPERANZA,LIMA,LIMA,SAN BORJA,AV. PRADO ESTE 767,5312127,-12.17125,-76.901984,Medicina General
HOSPITAL LA PAZ,LIMA,LIMA,SAN BORJA,JR. LOS HEROES 8482,8948918,-11.948847,-76.988058,Cardiología
CLINICA LAS FLORES,LIMA,LIMA,SAN BORJA,JR. LOS HEROES 957,8318668,-12.106424,-77.009213,Neumología
POLICLINICO DEL BOSQUE,LIMA,LIMA,JESUS MARIA,AV. LA FONTANA 458,5562694,-12.171565,-76.961419,Geriatría
INSTITUTO DE SALUD EL ROBLE,LIMA,LIMA,SURCO,CALLE SAN JUAN 4148,9761650,-12.144087,-77.054221,Cardiología
HOSPITAL EL FARO,LIMA,LIMA,JESUS MARIA,AV. LA FONTANA 5638,4973251,-12.084189,-77.021425,Geriatría
CLINICA SAN FELIX,LIMA,LIMA,JESUS MARIA,AV. REPUBLICA 2535,7023754,-12.120905,-76.91994,Geriatría
CENTRO MEDICO EL DESIERTO,LIMA,LIMA,PUEBLO LIBRE,AV. LA FONTANA 6783,7184463,-12.153513,-76.96042,Cardiología
POLICLINICO SAN ANDRES,LIMA,LIMA,SAN ISIDRO,AV. REPUBLICA 5786,9860814,-11.958277,-77.066526,Neumología
INSTITUTO DE SALUD NUEVO CAMINO,LIMA,LIMA,SAN ISIDRO,AV. REPUBLICA 9750,2796443,-11.972974,-76.997034,Geriatría
HOSPITAL LOS LAURELES,LIMA,LIMA,JESUS MARIA,CALLE SAN JUAN 3182,2625631,-12.116129,-76.912511,Geriatría
CLINICA VILLA ALTA,LIMA,LIMA,PUEBLO LIBRE,AV. PRADO ESTE 2642,9948427,-12.054172,-77.069069,Medicina General
CENTRO MEDICO NUEVO HORIZONTE,LIMA,LIMA,PUEBLO LIBRE,AV. LA FONTANA 6225,8994409,-12.171478,-76.987359,Medicina General
HOSPITAL DEL SUR,LIMA,LIMA,LA MOLINA,AV. LA FONTANA 6309,6747716,-12.176428,-76.907508,Neumología
CLINICA NUEVA VIDA,LIMA,LIMA,PUEBLO LIBRE,AV. REPUBLICA 7572,2361978,-12.112849,-76.909778,Medicina General
CENTRO MEDICO SAN PATRICIO,LIMA,LIMA,SURCO,CALLE SAN JUAN 4628,8859089,-11.966286,-77.059492,Cardiología
HOSPITAL LOS ROBLES,LIMA,LIMA,MIRAFLORES,AV. PRADO ESTE 643,5073513,-12.189691,-76.978247,Geriatría
POLICLINICO LA ESPERANZA,LIMA,LIMA,JESUS MARIA,CALLE SAN JUAN 9636,2696341,-11.959605,-76.908303,Endocrinología
INSTITUTO DE SALUD LOS JAZMINES,LIMA,LIMA,SAN BORJA,JR. LOS HEROES 6757,9352099,-12.005673,-77.070968,Medicina General
CLINICA EL PINAR,LIMA,LIMA,SURCO,AV. LA FONTANA 7879,5281315,-12.099147,-76.956927,Neumología
CENTRO MEDICO LA AURORA,LIMA,LIMA,MAGDALENA,AV. PRADO ESTE 1467,3179933,-11.958657,-76.900655,Neumología
HOSPITAL NUEVA SALUD,LIMA,LIMA,MIRAFLORES,AV. LA FONTANA 1726,9690017,-12.008098,-77.048571,Geriatría
POLICLINICO SAN FELIPE,LIMA,LIMA,LA MOLINA,AV. PRADO ESTE 8498,4504471,-11.947113,-77.057728,Cardiología
CLINICA SANTA MONICA,LIMA,LIMA,MAGDALENA,AV. REPUBLICA 4413,5780688,-12.03129,-77.004595,Geriatría
INSTITUTO DE SALUD EL PRADO,LIMA,LIMA,PUEBLO LIBRE,AV. PRADO ESTE 163,5938554,-11.964845,-76.999612,Cardiología
CLINICA LOS CASTAÑOS,LIMA,LIMA,MAGDALENA,CALLE SAN JUAN 509,7248097,-12.19695,-76.955292,Geriatría
CENTRO MEDICO LOS MOLINOS,LIMA,LIMA,SAN ISIDRO,AV. LA FONTANA 5039,2231134,-12.119252,-76.910948,Neumología
HOSPITAL NUEVA VIDA,LIMA,LIMA,MAGDALENA,JR. LOS HEROES 8534,9613257,-11.918412,-76.981439,Endocrinología
POLICLINICO VISTA VERDE,LIMA,LIMA,MAGDALENA,JR. LOS HEROES 2018,6713606,-12.08245,-76.937825,Medicina General
CLINICA SAN JOAQUIN,LIMA,LIMA,SAN BORJA,JR. LOS HEROES 5020,4400199,-12.054729,-76.920627,Medicina General
INSTITUTO DE SALUD LOS PUMAS,LIMA,LIMA,SURCO,CALLE SAN JUAN 4294,8086007,-12.116735,-77.089853,Neumología
CENTRO MEDICO EL TRIUNFO,LIMA,LIMA,PUEBLO LIBRE,AV. PRADO ESTE 1700,4092811,-12.035116,-76.945543,Cardiología
HOSPITAL SAN CRISTOBAL,LIMA,LIMA,JESUS MARIA,CALLE SAN JUAN 8299,3104522,-11.91462,-76.967748,Cardiología
POLICLINICO LOS TULIPANES,LIMA,LIMA,MAGDALENA,AV. REPUBLICA 1961,5722398,-12.108615,-76.947817,Neumología
CLINICA LAS CAMELIAS,LIMA,LIMA,PUEBLO LIBRE,AV. LA FONTANA 8066,8074464,-11.902068,-76.992015,Medicina General
CENTRO MEDICO SAN CARLOS,LIMA,LIMA,SAN ISIDRO,CALLE SAN JUAN 4560,6829764,-12.197818,-76.905299,Endocrinología
HOSPITAL SAN ANTONIO,LIMA,LIMA,LA MOLINA,AV. LA FONTANA 7621,6994452,-12.040616,-77.009382,Medicina General
POLICLINICO EL PRADO,LIMA,LIMA,PUEBLO LIBRE,AV. LA FONTANA 855,7772264,-12.113881,-76.985345,Geriatría
CLINICA NUEVO CAMINO,LIMA,LIMA,SAN ISIDRO,AV. REPUBLICA 396,8206851,-11.97487,-77.028878,Geriatría
INSTITUTO DE SALUD SAN RAFAEL,LIMA,LIMA,MAGDALENA,AV. PRADO ESTE 6072,4045188,-11.939304,-77.062927,Neumología
CENTRO MEDICO EL OASIS,LIMA,LIMA,MIRAFLORES,AV. REPUBLICA 6833,9123898,-12.131445,-76.956422,Neumología
HOSPITAL SANTA ELENA,LIMA,LIMA,SAN ISIDRO,AV. LA FONTANA 3554,5813451,-12.076396,-77.057938,Cardiología
CLINICA LOS PINOS,LIMA,LIMA,MIRAFLORES,AV. PRADO ESTE 7884,8877100,-11.907427,-77.06322,Medicina General
POLICLINICO NUEVA ESPERANZA,LIMA,LIMA,JESUS MARIA,JR. LOS HEROES 4620,3866615,-12.112871,-76.94345,Cardiología
INSTITUTO DE SALUD LOS GIRASOLES,LIMA,LIMA,SAN ISIDRO,AV. REPUBLICA 8785,7787354,-12.071387,-76.959932,Neumología
HOSPITAL SAN LUCAS,LIMA,LIMA,SURCO,AV. REPUBLICA 4589,2334696,-11.948727,-77.065866,Medicina General
CLINICA LA PROVIDENCIA,LIMA,LIMA,PUEBLO LIBRE,AV. PRADO ESTE 9203,7167377,-12.112067,-77.058523,Cardiología
CENTRO MEDICO DEL SUR,LIMA,LIMA,PUEBLO LIBRE,CALLE SAN JUAN 2571,6645920,-12.074676,-77.04709,Endocrinología
POLICLINICO LA FUENTE,LIMA,LIMA,JESUS MARIA,JR. LOS HEROES 2259,3016998,-12.1138,-76.954726,Cardiología
INSTITUTO DE SALUD EL ROSAL,LIMA,LIMA,MAGDALENA,AV. LA FONTANA 5602,6344888,-11.932997,-77.06928,Cardiología
HOSPITAL LOS ANGELES,LIMA,LIMA,SAN BORJA,AV. PRADO ESTE 3456,3793496,-11.911271,-77.07676,Cardiología
CLINICA SAN MATEO,LIMA,LIMA,JESUS MARIA,AV. PRADO ESTE 3106,5345657,-11.908617,-76.965244,Medicina General
CENTRO MEDICO EL PARQUE,LIMA,LIMA,MAGDALENA,AV. PRADO ESTE 7303,7574720,-11.955026,-76.971778,Medicina General
HOSPITAL NUEVO AMANECER,LIMA,LIMA,SAN BORJA,CALLE SAN JUAN 5224,2541232,-12.030906,-76.940255,Medicina General
CLINICA SAN PABLO,LIMA,LIMA,SURCO,JR. LOS HEROES 8894,4144243,-11.939431,-77.068574,Geriatría
CENTRO MEDICO LOS SAUCES,LIMA,LIMA,PUEBLO LIBRE,CALLE SAN JUAN 7660,5073419,-11.966858,-77.041779,Neumología
HOSPITAL SAN VICENTE,LIMA,LIMA,SURCO,AV. LA FONTANA 2648,7642882,-12.087552,-77.050634,Cardiología
POLICLINICO LOS LAURELES,LIMA,LIMA,SAN ISIDRO,AV. REPUBLICA 3501,2878350,-12.146023,-77.047474,Cardiología
INSTITUTO DE SALUD EL BOSQUE,LIMA,LIMA,JESUS MARIA,AV. LA FONTANA 7443,4062238,-11.916424,-77.093355,Neumología
CLINICA SANTA TERESA,LIMA,LIMA,SURCO,AV. PRADO ESTE 1591,8626431,-12.178153,-76.972719,Medicina General
CENTRO MEDICO LA PAZ,LIMA,LIMA,PUEBLO LIBRE,AV. PRADO ESTE 7172,3678833,-12.183038,-77.096197,Cardiología
HOSPITAL NUEVA ESPERANZA,LIMA,LIMA,SAN BORJA,CALLE SAN JUAN 1318,5147658,-11.922651,-76.9497,Geriatría
POLICLINICO SAN ANDRES,LIMA,LIMA,JESUS MARIA,JR. LOS HEROES 5666,8503778,-12.098258,-77.026821,Geriatría
CLINICA VIRGEN DEL CARMEN,LIMA,LIMA,SAN BORJA,AV. PRADO ESTE 7720,8319539,-12.130482,-76.957834,Cardiología
INSTITUTO DE SALUD LOS ARCOS,LIMA,LIMA,SAN BORJA,AV. REPUBLICA 589,8387861,-11.909301,-77.009186,Endocrinología
CLINICA NUEVA LUZ,LIMA,LIMA,JESUS MARIA,JR. LOS HEROES 9060,7270414,-12.188931,-76.916606,Cardiología
CENTRO MEDICO SAN ANTONIO,LIMA,LIMA,PUEBLO LIBRE,CALLE SAN JUAN 3454,4277276,-12.033217,-76.924792,Cardiología
HOSPITAL DEL SOL,LIMA,LIMA,MIRAFLORES,AV. PRADO ESTE 977,5750631,-12.053682,-77.021776,Medicina General
POLICLINICO LA ROSA,LIMA,LIMA,SAN BORJA,JR. LOS HEROES 2405,8594423,-12.145733,-76.943996,Neumología
CLINICA SAN MATEO,LIMA,LIMA,MIRAFLORES,AV. PRADO ESTE 6005,2322483,-12.121556,-76.971161,Cardiología
INSTITUTO DE SALUD SANTA CATALINA,LIMA,LIMA,PUEBLO LIBRE,AV. PRADO ESTE 366,8648624,-11.941141,-76.980475,Geriatría
CENTRO MEDICO EL RINCON,LIMA,LIMA,MIRAFLORES,AV. PRADO ESTE 2973,4542154,-11.968938,-77.012169,Endocrinología
HOSPITAL LOS SAUCES,LIMA,LIMA,MAGDALENA,CALLE SAN JUAN 9225,6410860,-12.155482,-76.991012,Cardiología
POLICLINICO NUEVA ESPERANZA,LIMA,LIMA,SAN BORJA,AV. PRADO ESTE 9180,5257342,-12.080646,-77.00407,Cardiología
CLINICA LAS COLINAS,LIMA,LIMA,SURCO,AV. PRADO ESTE 8096,5618496,-12.049618,-77.004086,Geriatría
CENTRO MEDICO SAN PATRICIO,LIMA,LIMA,SAN ISIDRO,AV. LA FONTANA 9210,5854193,-12.127189,-77.005153,Geriatría
HOSPITAL NUEVO RENACER,LIMA,LIMA,PUEBLO LIBRE,AV. PRADO ESTE 7602,6640486,-11.921885,-77.083716,Geriatría
POLICLINICO LOS OLIVOS,LIMA,LIMA,PUEBLO LIBRE,AV. PRADO ESTE 5247,4663956,-12.156398,-76.914122,Geriatría
CLINICA LOS CIPRESES,LIMA,LIMA,PUEBLO LIBRE,JR. LOS HEROES 660,2298559,-11.944152,-77.052344,Cardiología
INSTITUTO DE SALUD EL PRADO,LIMA,LIMA,MIRAFLORES,AV. REPUBLICA 388,2520461,-11.984562,-77.004655,Medicina General
CENTRO MEDICO NUEVA VIDA,LIMA,LIMA,LA MOLINA,JR. LOS HEROES 6724,9234041,-12.077103,-76.909227,Neumología
HOSPITAL LOS ANGELES,LIMA,LIMA,JESUS MARIA,JR. LOS HEROES 7950,7944889,-12.129233,-76.945782,Endocrinología
CLINICA LOS GIRASOLES,LIMA,LIMA,PUEBLO LIBRE,AV. PRADO ESTE 5800,2866073,-12.008098,-77.006085,Cardiología
POLICLINICO LOS PINARES,LIMA,LIMA,MIRAFLORES,CALLE SAN JUAN 1779,6580092,-12.185005,-76.953487,Neumología
INSTITUTO DE SALUD EL REFUGIO,LIMA,LIMA,LA MOLINA,AV. REPUBLICA 5806,8656579,-11.963536,-77.049602,Geriatría
HOSPITAL EL CEDRO,LIMA,LIMA,PUEBLO LIBRE,AV. LA FONTANA 5011,5502655,-12.068227,-76.907766,Cardiología
CLINICA NUEVO HORIZONTE,LIMA,LIMA,MAGDALENA,AV. LA FONTANA 7073,5491454,-11.982323,-76.936947,Endocrinología
CENTRO MEDICO EL CASTILLO,LIMA,LIMA,SURCO,CALLE SAN JUAN 2348,9548379,-12.045512,-76.907834,Neumología
POLICLINICO SAN JORGE,LIMA,LIMA,SAN BORJA,AV. LA FONTANA 7067,6371568,-12.076856,-77.05994,Cardiología
INSTITUTO DE SALUD SAN MIGUEL,LIMA,LIMA,SAN ISIDRO,JR. LOS HEROES 8507,6351482,-12.046279,-77.07183,Medicina General
HOSPITAL DEL NORTE,LIMA,LIMA,SAN BORJA,JR. LOS HEROES 148,3920346,-12.011287,-76.954536,Cardiología
CLINICA LAS AMERICAS,LIMA,LIMA,SAN BORJA,AV. PRADO ESTE 2692,7471168,-12.156674,-77.001797,Geriatría
CENTRO MEDICO SAN FELIPE,LIMA,LIMA,PUEBLO LIBRE,AV. LA FONTANA 450,7787486,-12.065367,-77.045102,Medicina General
HOSPITAL EL DORADO,LIMA,LIMA,MIRAFLORES,AV. PRADO ESTE 1223,2505278,-12.029121,-76.950552,Geriatría
CLINICA EL EDEN,LIMA,LIMA,SURCO,AV. LA FONTANA 9100,3194313,-12.01269,-76.98905,Endocrinología
CENTRO MEDICO NUEVA LUZ,LIMA,LIMA,SURCO,CALLE SAN JUAN 8030,9327284,-11.989289,-77.018723,Cardiología
HOSPITAL SANTA ROSA,LIMA,LIMA,MIRAFLORES,AV. REPUBLICA 1158,3200203,-11.9588,-76.911364,Medicina General
POLICLINICO NUEVO MUNDO,LIMA,LIMA,MIRAFLORES,CALLE SAN JUAN 1830,9768632,-12.099492,-76.94744,Cardiología
INSTITUTO DE SALUD LOS ALAMOS,LIMA,LIMA,SURCO,CALLE SAN JUAN 8814,6693728,-11.978739,-77.071812,Geriatría
CLINICA SAN BARTOLO,LIMA,LIMA,MAGDALENA,JR. LOS HEROES 6950,5788273,-12.181076,-76.985772,Geriatría
CENTRO MEDICO EL MIRADOR,LIMA,LIMA,SAN ISIDRO,JR. LOS HEROES 2312,9996753,-12.04473,-76.904552,Medicina General
HOSPITAL LOS ANGELES,LIMA,LIMA,SURCO,CALLE SAN JUAN 590,2980985,-11.915365,-76.901764,Medicina General
POLICLINICO SAN JUAN,LIMA,LIMA,PUEBLO LIBRE,AV. PRADO ESTE 8323,3129832,-12.079311,-76.902923,Cardiología
CLINICA LOS JARDINES,LIMA,LIMA,JESUS MARIA,AV. REPUBLICA 273,8018155,-12.114109,-76.937303,Endocrinología
INSTITUTO DE SALUD LAS MERCEDES,LIMA,LIMA,MAGDALENA,AV. REPUBLICA 7246,5857460,-11.962337,-76.98848,Medicina General
CLINICA NUEVA FRONTERA,LIMA,LIMA,JESUS MARIA,CALLE SAN JUAN 8290,3522088,-11.992331,-76.986249,Neumología
CENTRO MEDICO SANTA CRUZ,LIMA,LIMA,SAN BORJA,CALLE SAN JUAN 4446,4369823,-12.005536,-76.961323,Geriatría
HOSPITAL NUEVO AMANECER,LIMA,LIMA,SAN ISIDRO,CALLE SAN JUAN 6345,4797893,-12.1065,-76.909391,Endocrinología
POLICLINICO LOS ROSALES,LIMA,LIMA,MAGDALENA,JR. LOS HEROES 6378,8578457,-11.934945,-77.052718,Endocrinología
CLINICA LA ALBORADA,LIMA,LIMA,LA MOLINA,AV. REPUBLICA 7620,3395292,-11.955002,-76.922509,Endocrinología
INSTITUTO DE SALUD EL SOL,LIMA,LIMA,MAGDALENA,AV. REPUBLICA 8776,3955727,-12.03489,-77.090601,Cardiología
CENTRO MEDICO SAN BERNARDO,LIMA,LIMA,SAN BORJA,AV. REPUBLICA 6349,2420291,-11.986952,-76.977387,Cardiología
HOSPITAL SAN JUAN,LIMA,LIMA,SAN ISIDRO,AV. REPUBLICA 976,3579452,-12.033294,-76.951099,Cardiología
POLICLINICO LOS ANDES,LIMA,LIMA,SAN ISIDRO,AV. PRADO ESTE 224,9499458,-12.117906,-77.089293,Cardiología
